{"cameraMode":{"drawMode":0,"name":"Shaded","section":"Shading Mode"},"sceneLighting":true,"audioPlay":false,"sceneViewState":{"m_AlwaysRefresh":false,"showFog":true,"showSkybox":true,"showFlares":true,"showImageEffects":true,"showParticleSystems":true,"showVisualEffectGraphs":true,"m_FxEnabled":true},"in2DMode":false,"pivot":{"x":-0.008889198303222657,"y":1.09456467628479,"z":-3.792572021484375},"rotation":{"x":-0.05582675710320473,"y":0.22332124412059785,"z":-0.012812291271984578,"w":-0.9730629920959473},"size":5.2283406257629398,"orthographic":false}