{"cameraMode":{"drawMode":0,"name":"Shaded","section":"Shading Mode"},"sceneLighting":true,"audioPlay":false,"sceneViewState":{"m_AlwaysRefresh":false,"showFog":true,"showSkybox":false,"showFlares":true,"showImageEffects":true,"showParticleSystems":true,"showVisualEffectGraphs":true,"m_FxEnabled":true},"in2DMode":false,"pivot":{"x":-0.9836426377296448,"y":3.2976536750793459,"z":-0.5021753311157227},"rotation":{"x":-0.04094699025154114,"y":0.7907677292823792,"z":-0.6084263324737549,"w":-0.053219206631183627},"size":1.7492855787277222,"orthographic":false}